{
    "name": "Global Information",
    "numberOfRequests": {
        "total": 20000,
        "ok": 5311,
        "ko": 14689
    },
    "minResponseTime": {
        "total": 0,
        "ok": 1003,
        "ko": 0
    },
    "maxResponseTime": {
        "total": 1087262,
        "ok": 397363,
        "ko": 1087262
    },
    "meanResponseTime": {
        "total": 108986,
        "ok": 36132,
        "ko": 135328
    },
    "standardDeviation": {
        "total": 148148,
        "ok": 49910,
        "ko": 162388
    },
    "percentiles1": {
        "total": 44332,
        "ok": 9367,
        "ko": 50868
    },
    "percentiles2": {
        "total": 195407,
        "ok": 52095,
        "ko": 256165
    },
    "percentiles3": {
        "total": 456940,
        "ok": 159631,
        "ko": 462542
    },
    "percentiles4": {
        "total": 474274,
        "ok": 214322,
        "ko": 474303
    },
    "group1": {
    "name": "t < 800 ms",
    "count": 0,
    "percentage": 0
},
    "group2": {
    "name": "800 ms < t < 1200 ms",
    "count": 375,
    "percentage": 2
},
    "group3": {
    "name": "t > 1200 ms",
    "count": 4936,
    "percentage": 25
},
    "group4": {
    "name": "failed",
    "count": 14689,
    "percentage": 73
},
    "meanNumberOfRequestsPerSecond": {
        "total": 16.474464579901152,
        "ok": 4.374794069192752,
        "ko": 12.099670510708401
    }
}